path_output,avg_best_training_dice,avg_best_training_loss,avg_best_validation_dice,avg_best_validation_loss,avg_test_dice,std_best_training_dice,std_best_training_loss,std_best_validation_dice,std_best_validation_loss,std_test_dice,p-value_testing_script-batch_size=2,p-value_testing_script-batch_size=4
testing_script-batch_size=2,-0.0019473766224109568,-0.0019473766224109568,-0.0024093631698178797,-0.0024093631698178797,0.0009537434430138293,0.0009893736332192554,0.0009893736332192554,3.545588614363517e-05,3.545588614363517e-05,0.0,1.0,0.030020368472776473
testing_script-batch_size=4,-0.0016124938847497106,-0.0016124938847497106,-0.001482845204009209,-0.001482845204009209,0.0009537434430138293,0.00011548220028372273,0.00011548220028372273,0.00022956790548947826,0.00022956790548947826,0.0,0.030020368472776473,1.0
