log_directory,Unnamed: 0,best_training_dice,best_training_loss,best_validation_dice,best_validation_loss,test_dice,Unnamed: 0,best_training_dice,best_training_loss,best_validation_dice,best_validation_loss,test_dice,testing_script-batch_size=2,testing_script-batch_size=4
testing_script-batch_size=2,0.5,-0.0019473766224109568,-0.0019473766224109568,-0.0024093631698178797,-0.0024093631698178797,0.0009537434430138293,0.7071067811865476,0.0009893736332192554,0.0009893736332192554,3.545588614363517e-05,3.545588614363517e-05,0.0,1.0,0.030020368472776473
testing_script-batch_size=4,2.5,-0.0016124938847497106,-0.0016124938847497106,-0.001482845204009209,-0.001482845204009209,0.0009537434430138293,0.7071067811865476,0.00011548220028372273,0.00011548220028372273,0.00022956790548947826,0.00022956790548947826,0.0,0.030020368472776473,1.0
